NEW_NAME,NEW_SRC
战狼2,/item/%E6%88%98%E7%8B%BC2
流浪地球,/item/%E6%B5%81%E6%B5%AA%E5%9C%B0%E7%90%83
红海行动,/item/%E7%BA%A2%E6%B5%B7%E8%A1%8C%E5%8A%A8
唐人街探案2,/item/%E5%94%90%E4%BA%BA%E8%A1%97%E6%8E%A2%E6%A1%882
美人鱼,/item/%E7%BE%8E%E4%BA%BA%E9%B1%BC
我不是药神,/item/%E6%88%91%E4%B8%8D%E6%98%AF%E8%8D%AF%E7%A5%9E
速度与激情8,/item/%E9%80%9F%E5%BA%A6%E4%B8%8E%E6%BF%80%E6%83%858
西虹市首富,/item/%E8%A5%BF%E8%99%B9%E5%B8%82%E9%A6%96%E5%AF%8C
捉妖记,/item/%E6%8D%89%E5%A6%96%E8%AE%B0
速度与激情7,/item/%E9%80%9F%E5%BA%A6%E4%B8%8E%E6%BF%80%E6%83%857
复仇者联盟3：无限战争,/item/%E5%A4%8D%E4%BB%87%E8%80%85%E8%81%94%E7%9B%9F3%EF%BC%9A%E6%97%A0%E9%99%90%E6%88%98%E4%BA%89
捉妖记2,/item/%E6%8D%89%E5%A6%96%E8%AE%B02
羞羞的铁拳,/item/%E7%BE%9E%E7%BE%9E%E7%9A%84%E9%93%81%E6%8B%B3
疯狂的外星人,/item/%E7%96%AF%E7%8B%82%E7%9A%84%E5%A4%96%E6%98%9F%E4%BA%BA
海王,/item/%E6%B5%B7%E7%8E%8B
变形金刚4：绝迹重生,/item/%E5%8F%98%E5%BD%A2%E9%87%91%E5%88%9A4%EF%BC%9A%E7%BB%9D%E8%BF%B9%E9%87%8D%E7%94%9F
前任3：再见前任,/item/%E5%89%8D%E4%BB%BB3%EF%BC%9A%E5%86%8D%E8%A7%81%E5%89%8D%E4%BB%BB
毒液：致命守护者,/item/%E6%AF%92%E6%B6%B2%EF%BC%9A%E8%87%B4%E5%91%BD%E5%AE%88%E6%8A%A4%E8%80%85
功夫瑜伽,/item/%E5%8A%9F%E5%A4%AB%E7%91%9C%E4%BC%BD
